time,B
1.6721326252767211e-06,19.98999999999999
3.345994747571563e-06,19.979994969818904
5.021589050007001e-06,19.969989939637816
6.698918221253216e-06,19.959984909456733
8.377984955547268e-06,19.949979879275645
1.0058791952702589e-05,19.939974849094558
1.1741341918128245e-05,19.92996981891347
1.3425637562838755e-05,19.919964788732386
1.5111681603473266e-05,19.9099597585513
1.6799476762305995e-05,19.89995472837021
1.8489025767262678e-05,19.889949698189124
2.0180331351937018e-05,19.87994466800804
2.187339625560113e-05,19.869939637826953
2.3568223223225174e-05,19.859934607645865
2.526481500548734e-05,19.849929577464778
2.696317435879345e-05,19.839924547283694
2.8663304045287177e-05,19.829919517102606
3.0365206832869633e-05,19.81991448692152
3.2068885495210284e-05,19.809909456740435
3.377434281176372e-05,19.799904426559348
3.5481581567786565e-05,19.78989939637826
3.719060455434835e-05,19.779894366197173
3.890141456835162e-05,19.76988933601609
4.0614014412542273e-05,19.759884305835
4.232840689552956e-05,19.749879275653914
4.40445948317967e-05,19.739874245472826
4.576258104172109e-05,19.729869215291743
4.7482368351585443e-05,19.719864185110655
4.9203959593595085e-05,19.709859154929568
5.092735760589525e-05,19.69985412474848
5.2652565232582415e-05,19.689849094567396
5.437958532372481e-05,19.67984406438631
5.610842073537324e-05,19.66983903420522
5.7839074329581565e-05,19.659834004024134
5.957154897441819e-05,19.64982897384305
6.13058475439838e-05,19.639823943661963
6.304197291842904e-05,19.629818913480875
6.477992798396613e-05,19.61981388329979
6.651971563288962e-05,19.609808853118704
6.826133876358762e-05,19.599803822937616
7.000480028056281e-05,19.58979879275653
7.175010309444347e-05,19.579793762575445
7.349725012200463e-05,19.569788732394358
7.524624428618007e-05,19.55978370221327
7.699708851608039e-05,19.549778672032183
7.874978574701108e-05,19.5397736418511
8.050433892048461e-05,19.52976861167001
8.226075098424193e-05,19.519763581488924
8.401902489226377e-05,19.509758551307836
8.577916360479233e-05,19.499753521126753
8.754117008834275e-05,19.489748490945665
8.930504731572476e-05,19.479743460764578
9.107079826605496e-05,19.46973843058349
9.283842592477552e-05,19.459733400402406
9.460793328367281e-05,19.44972837022132
9.63793233408898e-05,19.43972334004023
9.815259910094812e-05,19.429718309859147
9.992776357475978e-05,19.41971327967806
0.00010170481977964932,19.409708249496973
0.00010348377073936586,19.399703219315885
0.0001052646194841052,19.3896981891348
0.00010704736905052262,19.379693158953714
0.00010883202248175195,19.369688128772626
0.0001106185828274247,19.35968309859154
0.00011240705314368305,19.349678068410455
0.00011419743649320232,19.339673038229368
0.00011598973594520329,19.32966800804828
0.00011778395457547477,19.319662977867193
0.00011958009546638671,19.30965794768611
0.0001213781617069098,19.29965291750502
0.000123178156392635,19.289647887323934
0.0001249800826257867,19.279642857142846
0.00012678394351524575,19.269637826961763
0.0001285897421765621,19.259632796780675
0.0001303974817319779,19.249627766599588
0.00013220716531044037,19.239622736418504
0.00013401879604762473,19.229617706237416
0.00013583237708594787,19.21961267605633
0.0001376479115745886,19.20960764587524
0.0001394654026695075,19.199602615694157
0.00014128485353346077,19.18959758551307
0.0001431062673360237,19.179592555331983
0.00014492964725360393,19.169587525150895
0.00014675499646946494,19.15958249496981
0.00014858231817373938,19.149577464788724
0.00015041161556345276,19.139572434607636
0.00015224289184253764,19.12956740442655
0.00015407615022185422,19.119562374245465
0.00015591139391921081,19.109557344064378
0.00015774862615937832,19.09955231388329
0.00015958785017411412,19.089547283702203
0.00016142906920217585,19.07954225352112
0.00016327228648934568,19.06953722334003
0.00016511750528844392,19.059532193158944
0.00016696472885935343,19.04952716297786
0.0001688139604690342,19.039522132796773
0.00017066520339154454,19.029517102615685
0.00017251846090806232,19.019512072434598
0.00017437373630689967,19.009507042253514
0.00017623103288352777,18.999502012072426
0.00017809035394059094,18.98949698189134
0.00017995170278793145,18.97949195171025
0.00018181508274260386,18.969486921529167
0.00018368049712890006,18.95948189134808
0.00018554794927836416,18.949476861166993
0.00018741744252981436,18.939471830985905
0.00018928898022936485,18.92946680080482
0.00019116256573044107,18.919461770623734
0.00019303820239380493,18.909456740442646
0.00019491589358756957,18.89945171026156
0.0001967956426872249,18.889446680080475
0.00019867745307565303,18.879441649899388
0.00020056132814315046,18.8694366197183
0.00020244727128745045,18.859431589537216
0.00020433528591373883,18.84942655935613
0.00020622537543467964,18.83942152917504
0.0002081175432704303,18.829416498993954
0.00021001179284866773,18.81941146881287
0.0002119081276046034,18.809406438631783
0.0002138065509810096,18.799401408450695
0.0002157070664282354,18.789396378269608
0.0002176096774042296,18.779391348088524
0.00021951438737456363,18.769386317907436
0.00022142119981244786,18.75938128772635
0.0002233301181987581,18.74937625754526
0.0002252411460220512,18.739371227364177
0.00022715428677859176,18.72936619718309
0.00022906954397236795,18.719361167002003
0.00023098692111511832,18.709356136820915
0.0002329064217263484,18.69935110663983
0.00023482804933335432,18.689346076458744
0.00023675180747124622,18.679341046277656
0.00023867769968296534,18.669336016096572
0.00024060572951931108,18.659330985915485
0.0002425359005389572,18.649325955734398
0.0002444682163084794,18.63932092555331
0.00024640268040237133,18.629315895372226
0.0002483392964030726,18.61931086519114
0.00025027806790098555,18.60930583501005
0.0002522189984944998,18.599300804828964
0.00025416209179001645,18.58929577464788
0.0002561073514019653,18.579290744466793
0.0002580547809528329,18.569285714285705
0.00026000438407317955,18.559280684104618
0.0002619561644016674,18.549275653923534
0.00026391012558507794,18.539270623742446
0.0002658662712783366,18.52926559356136
0.0002678246051445382,18.51926056338027
0.00026978513085496427,18.509255533199187
0.0002717478520891118,18.4992505030181
0.00027371277253471064,18.489245472837013
0.0002756798958877519,18.47924044265593
0.0002776492258525059,18.46923541247484
0.00027962076614155044,18.459230382293754
0.0002815945204757895,18.449225352112666
0.00028357049258447876,18.439220321931582
0.0002855486862052509,18.429215291750495
0.00028752910508413423,18.419210261569408
0.0002895117529755823,18.40920523138832
0.00029149663364249115,18.399200201207236
0.0002934837508562296,18.38919517102615
0.00029547310839665665,18.37919014084506
0.0002974647100521516,18.369185110663974
0.0002994585596196329,18.35918008048289
0.00030145466090458414,18.349175050301803
0.00030345301772108076,18.339170020120715
0.00030545363389180885,18.329164989939628
0.0003074565132480955,18.319159959758544
0.0003094616596299272,18.309154929577456
0.0003114690768859804,18.29914989939637
0.0003134787688736403,18.289144869215285
0.00031549073945903077,18.279139839034197
0.00031750499251703446,18.26913480885311
0.00031952153193131987,18.259129778672023
0.00032154036159436804,18.24912474849094
0.0003235614854074929,18.23911971830985
0.00032558490728087165,18.229114688128764
0.00032761063113356456,18.219109657947676
0.00032963866089354577,18.209104627766592
0.00033166900049772365,18.199099597585505
0.0003337016538919682,18.189094567404418
0.0003357366250311389,18.17908953722333
0.0003377739178791054,18.169084507042246
0.0003398135364087785,18.15907947686116
0.0003418554846021306,18.14907444668007
0.0003438997664502271,18.139069416498984
0.00034594638595324655,18.1290643863179
0.0003479953471205124,18.119059356136813
0.00035004665397051437,18.109054325955725
0.00035210031053093657,18.09904929577464
0.00035415632083868586,18.089044265593554
0.00035621468893991357,18.079039235412466
0.00035827541889004724,18.06903420523138
0.00036033851475381193,18.059029175050295
0.00036240398060526243,18.049024144869207
0.00036447182052780396,18.03901911468812
0.0003665420386142254,18.029014084507033
0.00036861463896672054,18.01900905432595
0.00037068962569691773,18.00900402414486
0.0003727670029259089,17.998998993963774
0.00037484677478427186,17.988993963782686
0.00037692894541210343,17.978988933601602
0.00037901351895904087,17.968983903420515
0.00038110049958429526,17.958978873239428
0.0003831898914566735,17.94897384305834
0.0003852816987546115,17.938968812877256
0.0003873759256661968,17.92896378269617
0.00038947257638919926,17.91895875251508
0.0003915716551311004,17.908953722333997
0.0003936731661091171,17.89894869215291
0.000395777113550235,17.888943661971823
0.00039788350169123144,17.878938631790735
0.00039999233477870937,17.86893360160965
0.0004021036170691199,17.858928571428564
0.00040421735282879706,17.848923541247476
0.000406333546333981,17.83891851106639
0.00040845220187084926,17.828913480885305
0.0004105733237355474,17.818908450704217
0.0004126969162342134,17.80890342052313
0.00041482298368301213,17.798898390342043
0.0004169515304081588,17.78889336016096
0.00041908256074595426,17.77888832997987
0.000421216079042809,17.768883299798784
0.0004233520896552749,17.758878269617696
0.00042549059695007715,17.748873239436612
0.00042763160530413856,17.738868209255525
0.00042977511910461546,17.728863179074438
0.00043192114274892145,17.718858148893354
0.00043406968064476357,17.708853118712266
0.00043622073721016614,17.69884808853118
0.0004383743168735073,17.68884305835009
0.000440530424073544,17.678838028169007
0.00044268906325944425,17.66883299798792
0.0004448502388908205,17.658827967806833
0.0004470139554377546,17.648822937625745
0.00044918021738083483,17.63881790744466
0.0004513490292111805,17.628812877263574
0.000453520395430479,17.618807847082486
0.000455694320551011,17.6088028169014
0.00045787080909568756,17.598797786720315
0.0004600498655980758,17.588792756539227
0.000462231494602433,17.57878772635814
0.00046441570066374044,17.568782696177053
0.0004666024883477293,17.55877766599597
0.00046879186223091897,17.54877263581488
0.0004709838269006421,17.538767605633794
0.0004731783869550834,17.52876257545271
0.0004753755470033051,17.518757545271622
0.00047757531166528575,17.508752515090535
0.0004797776855719465,17.498747484909448
0.00048198267336518625,17.488742454728364
0.00048419027969791653,17.478737424547276
0.0004864005092340884,17.46873239436619
0.0004886133666487317,17.4587273641851
0.0004908288566279818,17.448722334004017
0.0004930469838691183,17.43871730382293
0.0004952677530805933,17.428712273641843
0.0004974911689820668,17.418707243460755
0.0004997172363044419,17.40870221327967
0.0005019459597898936,17.398697183098584
0.0005041773441919078,17.388692152917496
0.0005064113942753097,17.37868712273641
0.000508648114816303,17.368682092555325
0.0005108875106024981,17.358677062374237
0.0005131295864329523,17.34867203219315
0.0005153743471181983,17.338667002012066
0.0005176217974802814,17.32866197183098
0.0005198719423527957,17.31865694164989
0.0005221247865809136,17.308651911468804
0.0005243803350214264,17.29864688128772
0.0005266385925427733,17.288641851106632
0.0005288995640250821,17.278636820925545
0.0005311632543601983,17.268631790744458
0.0005334296684517267,17.258626760563374
0.0005356988112150604,17.248621730382286
0.0005379706875774199,17.2386167002012
0.0005402453024778901,17.22861167002011
0.0005425226608674505,17.218606639839027
0.0005448027677090179,17.20860160965794
0.0005470856279774757,17.198596579476852
0.0005493712466597158,17.188591549295765
0.0005516596287546696,17.17858651911468
0.0005539507792733495,17.168581488933594
0.0005562447032388812,17.158576458752506
0.0005585414056865411,17.148571428571422
0.0005608408916637968,17.138566398390335
0.0005631431662303373,17.128561368209247
0.0005654482344581176,17.11855633802816
0.0005677561014313883,17.108551307847076
0.00057006677224674,17.09854627766599
0.0005723802520131347,17.0885412474849
0.0005746965458519461,17.078536217303814
0.0005770156588969994,17.06853118712273
0.0005793375962946038,17.058526156941642
0.0005816623632035965,17.048521126760555
0.0005839899647953749,17.038516096579468
0.0005863204062539407,17.028511066398384
0.0005886536927759325,17.018506036217296
0.0005909898295706699,17.00850100603621
0.0005933288218601874,16.99849597585512
0.0005956706748792753,16.988490945674037
0.0005980153938755207,16.97848591549295
0.0006003629841093414,16.968480885311862
0.0006027134508540316,16.95847585513078
0.0006050667993957944,16.94847082494969
0.0006074230350337882,16.938465794768604
0.0006097821630801597,16.928460764587516
0.0006121441888600906,16.918455734406432
0.0006145091177118306,16.908450704225345
0.0006168769549867417,16.898445674044257
0.00061924770604934,16.88844064386317
0.0006216213762773301,16.878435613682086
0.0006239979710616527,16.868430583501
0.0006263774958065187,16.85842555331991
0.0006287599559294563,16.848420523138824
0.0006311453568613459,16.83841549295774
0.0006335337040464673,16.828410462776652
0.0006359250029425357,16.818405432595565
0.0006383192590207454,16.808400402414478
0.0006407164777658139,16.798395372233394
0.0006431166646760182,16.788390342052306
0.0006455198252632425,16.77838531187122
0.0006479259650530146,16.768380281690135
0.0006503350895845546,16.758375251509047
0.0006527472044108096,16.74837022132796
0.0006551623150985046,16.738365191146872
0.0006575804272281782,16.72836016096579
0.0006600015463942279,16.7183551307847
0.0006624256782049567,16.708350100603614
0.0006648528282826089,16.698345070422526
0.0006672830022634217,16.688340040241442
0.000669716205797661,16.678335010060355
0.000672152444549672,16.668329979879267
0.0006745917241979172,16.65832494969818
0.0006770340504350229,16.648319919517096
0.0006794794289678262,16.63831488933601
0.0006819278655174128,16.62830985915492
0.0006843793658191686,16.618304828973834
0.0006868339356228179,16.60829979879275
0.0006892915806924741,16.598294768611662
0.0006917523068066791,16.588289738430575
0.0006942161197584545,16.57828470824949
0.0006966830253553408,16.568279678068404
0.0006991530294194463,16.558274647887316
0.0007016261377874942,16.54826961770623
0.0007041023563108636,16.538264587525145
0.0007065816908556415,16.528259557344057
0.0007090641473026628,16.51825452716297
0.000711549731547563,16.508249496981882
0.000714038449500818,16.4982444668008
0.0007165303070877983,16.48823943661971
0.0007190253102488087,16.478234406438624
0.0007215234649391387,16.468229376257536
0.0007240247771291127,16.458224346076452
0.0007265292528041306,16.448219315895365
0.0007290368979647225,16.438214285714277
0.0007315477186265902,16.42820925553319
0.000734061720820661,16.418204225352106
0.0007365789105931301,16.40819919517102
0.0007390992940055148,16.39819416498993
0.0007416228771346975,16.388189134808847
0.0007441496660729773,16.37818410462776
0.0007466796669281209,16.368179074446672
0.0007492128858234059,16.358174044265585
0.000751749328897677,16.3481690140845
0.0007542890023053881,16.338163983903414
0.0007568319122166595,16.328158953722326
0.0007593780648173213,16.31815392354124
0.0007619274663089661,16.308148893360155
0.0007644801229090017,16.298143863179067
0.0007670360408506956,16.28813883299798
0.0007695952263832326,16.278133802816892
0.0007721576857717582,16.26812877263581
0.0007747234252974369,16.25812374245472
0.0007772924512574964,16.248118712273634
0.000779864769965286,16.238113682092546
0.0007824403877503216,16.228108651911462
0.0007850193109583405,16.218103621730375
0.0007876015459513564,16.208098591549287
0.0007901870991077042,16.198093561368204
0.0007927759768221005,16.188088531187116
0.000795368185505689,16.17808350100603
0.0007979637315860996,16.16807847082494
0.0008005626215074949,16.158073440643857
0.0008031648617306306,16.14806841046277
0.0008057704587329023,16.138063380281682
0.0008083794190084016,16.128058350100595
0.0008109917490679731,16.11805331991951
0.0008136074554392619,16.108048289738424
0.000816226544666775,16.098043259557336
0.000818849023311929,16.08803822937625
0.0008214748979531083,16.07803319919516
0.000824104175185722,16.068028169014077
0.0008267368616222529,16.05802313883299
0.0008293729638923197,16.048018108651902
0.0008320124886427256,16.038013078470815
0.0008346554425375213,16.02800804828973
0.000837301832258054,16.018003018108644
0.0008399516645030275,16.007997987927556
0.0008426049459885579,15.99799295774647
0.0008452616834482309,15.987987927565383
0.0008479218836331562,15.977982897384297
0.0008505855533120265,15.96797786720321
0.0008532526992711747,15.957972837022124
0.0008559233283146302,15.947967806841037
0.0008585974472641775,15.937962776659951
0.0008612750629594145,15.927957746478864
0.0008639561822578084,15.917952716297778
0.000866640812034757,15.90794768611669
0.0008693289591836463,15.897942655935605
0.0008720206306159078,15.887937625754518
0.0008747158332610798,15.877932595573432
0.0008774145740668648,15.867927565392344
0.0008801168599991906,15.857922535211259
0.0008828226980422695,15.847917505030171
0.0008855320951986564,15.837912474849086
0.0008882450584893125,15.827907444668
0.0008909615949536637,15.817902414486912
0.0008936817116496612,15.807897384305827
0.000896405415653843,15.79789235412474
0.000899132714061395,15.787887323943654
0.0009018636139862125,15.777882293762566
0.0009045981225609611,15.76787726358148
0.0009073362469371405,15.757872233400393
0.0009100779942851434,15.747867203219307
0.0009128233717943218,15.73786217303822
0.0009155723866730468,15.727857142857134
0.0009183250461487727,15.717852112676047
0.0009210813574680996,15.707847082494961
0.0009238413278968375,15.697842052313874
0.0009266049647200692,15.687837022132788
0.0009293722752422151,15.6778319919517
0.0009321432667870954,15.667826961770615
0.0009349179466979974,15.657821931589528
0.0009376963223377382,15.647816901408442
0.0009404784010887301,15.637811871227356
0.0009432641903530454,15.627806841046269
0.0009460536975524825,15.617801810865183
0.0009488469301286315,15.607796780684096
0.00095164389554294,15.59779175050301
0.0009544446012767794,15.587786720321922
0.0009572490548315104,15.577781690140837
0.000960057263728552,15.56777665995975
0.0009628692355094465,15.557771629778664
0.000965684977735928,15.547766599597576
0.0009685044979899891,15.53776156941649
0.0009713278038739494,15.527756539235403
0.0009741549030105234,15.517751509054317
0.0009769858030428892,15.50774647887323
0.0009798205116347553,15.497741448692144
0.0009826590364704329,15.487736418511057
0.0009855013852549024,15.477731388329971
0.000988347565713884,15.467726358148886
0.0009911975855939074,15.457721327967798
0.0009940514526623817,15.447716297786712
0.000996909174707665,15.437711267605625
0.0009997707595391372,15.42770623742454
0.0010026362149872688,15.417701207243452
0.001005505548903692,15.407696177062366
0.0010083787691612745,15.397691146881279
0.0010112558836541889,15.387686116700193
0.0010141369002979858,15.377681086519106
0.001017021827029666,15.36767605633802
0.001019910671807754,15.357671026156932
0.0010228034426123685,15.347665995975847
0.001025700147445299,15.33766096579476
0.0010286007943300758,15.327655935613674
0.0010315053913120475,15.317650905432586
0.0010344139464584525,15.3076458752515
0.0010373264678584938,15.297640845070413
0.0010402429636234153,15.287635814889327
0.001043163441886575,15.277630784708242
0.0010460879108035214,15.267625754527154
0.0010490163785520689,15.257620724346069
0.0010519488533323744,15.247615694164981
0.0010548853433670115,15.237610663983896
0.0010578258569010498,15.227605633802808
0.0010607704022021307,15.217600603621722
0.0010637189875605444,15.207595573440635
0.001066671621289307,15.19759054325955
0.0010696283117242402,15.187585513078462
0.0010725890672240474,15.177580482897376
0.0010755538961703937,15.167575452716289
0.001078522806967983,15.157570422535203
0.0010814958080446397,15.147565392354116
0.001084472907851386,15.13756036217303
0.0010874541148625232,15.127555331991942
0.0010904394375757104,15.117550301810857
0.0010934288845120463,15.10754527162977
0.0010964224642161494,15.097540241448684
0.001099420185256239,15.087535211267598
0.0011024220562242176,15.07753018108651
0.0011054280857357504,15.067525150905425
0.0011084382824303506,15.057520120724337
0.00111145265497146,15.047515090543252
0.0011144712120465322,15.037510060362164
0.0011174939623671153,15.027505030181079
0.0011205209146689366,15.017499999999991
0.0011235520777119858,15.007494969818906
0.0011265874602805993,14.997489939637818
0.0011296270711835437,14.987484909456732
0.0011326709192541026,14.977479879275645
0.0011357190133501613,14.96747484909456
0.0011387713623542922,14.957469818913472
0.0011418279751738397,14.947464788732386
0.0011448888607410088,14.937459758551299
0.0011479540280129503,14.927454728370213
0.001151023485971848,14.917449698189126
0.0011540972436250075,14.90744466800804
0.0011571753100049409,14.897439637826954
0.0011602576941694585,14.887434607645867
0.0011633444052017556,14.877429577464781
0.001166435452210502,14.867424547283694
0.0011695308443299304,14.857419517102608
0.0011726305907199266,14.84741448692152
0.0011757347005661202,14.837409456740435
0.001178843183079975,14.827404426559347
0.0011819560474988769,14.817399396378262
0.0011850733030862293,14.807394366197174
0.001188194959131543,14.797389336016089
0.0011913210249505273,14.787384305835001
0.0011944515098851836,14.777379275653916
0.0011975864233038972,14.767374245472828
0.0012007257746015306,14.757369215291742
0.0012038695731995184,14.747364185110655
0.0012070178285459596,14.73735915492957
0.0012101705501157114,14.727354124748482
0.0012133277474104865,14.717349094567396
0.001216489429958946,14.70734406438631
0.0012196556073167954,14.697339034205223
0.0012228262890668818,14.687334004024137
0.0012260014848192884,14.67732897384305
0.0012291812042114322,14.667323943661964
0.0012323654569081617,14.657318913480877
0.0012355542526018537,14.647313883299791
0.0012387476010125107,14.637308853118704
0.001241945511887861,14.627303822937618
0.0012451479950034558,14.61729879275653
0.001248355060162771,14.607293762575445
0.0012515667171973032,14.597288732394357
0.0012547829759666737,14.587283702213272
0.0012580038463587259,14.577278672032184
0.001261229338289629,14.567273641851099
0.0012644594617039753,14.557268611670011
0.0012676942265748877,14.547263581488926
0.0012709336429041177,14.537258551307838
0.0012741777207221495,14.527253521126752
0.0012774264700883037,14.517248490945667
0.0012806799010908398,14.50724346076458
0.0012839380238470611,14.497238430583494
0.001287200848503419,14.487233400402406
0.0012904683852356183,14.47722837022132
0.0012937406442487206,14.467223340040233
0.0012970176357772535,14.457218309859147
0.0013002993700853146,14.44721327967806
0.0013035858574666794,14.437208249496974
0.0013068771082449075,14.427203219315887
0.0013101731327734513,14.417198189134801
0.0013134739414357634,14.407193158953714
0.0013167795446454066,14.397188128772628
0.0013200899528461602,14.38718309859154
0.0013234051765121332,14.377178068410455
0.0013267252261478723,14.367173038229367
0.0013300501122884725,14.357168008048282
0.0013333798454996885,14.347162977867194
0.001336714436378047,14.337157947686109
0.0013400538955509566,14.327152917505023
0.0013433982336768227,14.317147887323936
0.0013467474614451591,14.30714285714285
0.001350101589576701,14.297137826961762
0.001353460628823521,14.287132796780677
0.0013568245899691419,14.27712776659959
0.001360193483828652,14.267122736418504
0.001363567321248821,14.257117706237416
0.0013669461131082157,14.24711267605633
0.0013703298703173165,14.237107645875243
0.0013737186038186356,14.227102615694157
0.0013771123245868303,14.21709758551307
0.0013805110436288276,14.207092555331984
0.0013839147719839377,14.197087525150897
0.001387323520723975,14.187082494969811
0.0013907373009533776,14.177077464788724
0.0013941561238093275,14.167072434607638
0.0013975800004618708,14.15706740442655
0.0014010089421140392,14.147062374245465
0.0014044429600019721,14.13705734406438
0.001407882065395038,14.127052313883292
0.0014113262695959585,14.117047283702206
0.0014147755839409308,14.107042253521119
0.0014182300197997516,14.097037223340033
0.001421689588575943,14.087032193158946
0.0014251543017068755,14.07702716297786
0.0014286241706638943,14.067022132796772
0.001432099206952447,14.057017102615687
0.0014355794221122065,14.0470120724346
0.0014390648277172028,14.037007042253514
0.0014425554353759485,14.027002012072426
0.0014460512567315668,14.01699698189134
0.001449552303461922,14.006991951710253
0.0014530585872797477,13.996986921529167
0.0014565701199327772,13.98698189134808
0.001460086913203875,13.976976861166994
0.001463608978911168,13.966971830985907
0.0014671363289081756,13.956966800804821
0.0014706689750839446,13.946961770623735
0.0014742069293631815,13.936956740442648
0.0014777502037063856,13.926951710261562
0.0014812988101099837,13.916946680080475
0.0014848527606064646,13.90694164989939
0.001488412067264516,13.896936619718302
0.001491976742189159,13.886931589537216
0.001495546797521884,13.876926559356129
0.0014991222454407915,13.866921529175043
0.001502703098160727,13.856916498993955
0.0015062893679334208,13.84691146881287
0.0015098810670476272,13.836906438631782
0.0015134782078292635,13.826901408450697
0.0015170808026415516,13.81689637826961
0.0015206888638851586,13.806891348088524
0.001524302403998339,13.796886317907436
0.0015279214354570751,13.78688128772635
0.0015315459707752237,13.776876257545263
0.001535176022504656,13.766871227364177
0.001538811603235405,13.756866197183092
0.001542452725595808,13.746861167002004
0.0015460994022526546,13.736856136820919
0.0015497516459113312,13.726851106639831
0.0015534094693159695,13.716846076458745
0.0015570728852495916,13.706841046277658
0.001560741906534262,13.696836016096572
0.0015644165460312338,13.686830985915485
0.0015680968166410995,13.6768259557344
0.0015717827313039422,13.666820925553312
0.001575474302999484,13.656815895372226
0.0015791715447472411,13.646810865191139
0.001582874469606674,13.636805835010053
0.0015865830906773423,13.626800804828965
0.0015902974210990559,13.61679577464788
0.001594017474052032,13.606790744466792
0.0015977432627570514,13.596785714285707
0.0016014748004756112,13.58678068410462
0.0016052121005100842,13.576775653923534
0.0016089551762038749,13.566770623742448
0.0016127040409415782,13.55676559356136
0.001616458708149139,13.546760563380275
0.001620219191294011,13.536755533199187
0.0016239855038853164,13.526750503018102
0.0016277576594740093,13.516745472837014
0.0016315356716530352,13.506740442655929
0.0016353195540574957,13.496735412474841
0.0016391093203648103,13.486730382293755
0.0016429049842948814,13.476725352112668
0.0016467065596102591,13.466720321931582
0.001650514060116307,13.456715291750495
0.0016543274996613671,13.44671026156941
0.0016581468921369304,13.436705231388322
0.0016619722514778017,13.426700201207236
0.0016658035916622704,13.416695171026149
0.001669640926712279,13.406690140845063
0.0016734842706935934,13.396685110663975
0.0016773336377159758,13.38668008048289
0.0016811890419333544,13.376675050301804
0.0016850504975439984,13.366670020120717
0.0016889180187906882,13.356664989939631
0.0016927916199608942,13.346659959758544
0.0016966713153869493,13.336654929577458
0.0017005571194462258,13.32664989939637
0.001704449046561312,13.316644869215285
0.0017083471112001901,13.306639839034197
0.0017122513278764147,13.296634808853112
0.001716161711149293,13.286629778672024
0.0017200782756240625,13.276624748490939
0.0017240010359520753,13.266619718309851
0.0017279300068309788,13.256614688128765
0.001731865203004898,13.246609657947678
0.0017358066392646203,13.236604627766592
0.001739754330447779,13.226599597585505
0.0017437082914390388,13.21659456740442
0.001747668537170283,13.206589537223332
0.0017516350826208013,13.196584507042246
0.0017556079428174744,13.18657947686116
0.0017595871328349678,13.176574446680073
0.0017635726677959177,13.166569416498987
0.0017675645628711248,13.1565643863179
0.0017715628332797438,13.146559356136814
0.0017755674942894779,13.136554325955727
0.00177957856121677,13.126549295774641
0.0017835960494270008,13.116544265593554
0.0017876199743346792,13.106539235412468
0.0017916503514036428,13.09653420523138
0.0017956871961472554,13.086529175050295
0.001799730524128601,13.076524144869207
0.0018037803509606872,13.066519114688122
0.0018078366923066445,13.056514084507034
0.001811899563879925,13.046509054325949
0.001815968981444507,13.036504024144861
0.0018200449608150992,13.026498993963775
0.0018241275178573386,13.016493963782688
0.0018282166684880038,13.006488933601602
0.0018323124286752147,12.996483903420517
0.001836414814438643,12.98647887323943
0.0018405238418497181,12.976473843058344
0.0018446395270318378,12.966468812877256
0.0018487618861605772,12.95646378269617
0.0018528909354639006,12.946458752515083
0.001857026691222371,12.936453722333997
0.0018611691697693672,12.92644869215291
0.001865318387491296,12.916443661971824
0.0018694743608278063,12.906438631790737
0.0018736371062720075,12.896433601609651
0.0018778066403706854,12.886428571428564
0.0018819829797245202,12.876423541247478
0.001886166140988307,12.86641851106639
0.0018903561408711769,12.856413480885305
0.0018945529961368142,12.846408450704217
0.0018987567236036858,12.836403420523132
0.0019029673401452596,12.826398390342044
0.0019071848626902319,12.816393360160959
0.0019114093082227526,12.806388329979873
0.0019156406937826517,12.796383299798785
0.001919879036465668,12.7863782696177
0.0019241243534236798,12.776373239436612
0.0019283766618649317,12.766368209255527
0.001932635979054269,12.75636317907444
0.0019369023223133708,12.746358148893354
0.0019411757090209817,12.736353118712266
0.0019454561566131482,12.72634808853118
0.0019497436825834545,12.716343058350093
0.001954038304483259,12.706338028169007
0.001958340039921935,12.69633299798792
0.0019626489065671083,12.686327967806834
0.0019669649221448968,12.676322937625747
0.0019712881044401578,12.666317907444661
0.001975618471296725,12.656312877263574
0.0019799560406176574,12.646307847082488
0.0019843008303654834,12.6363028169014
0.0019886528585624473,12.626297786720315
0.001993012143290758,12.616292756539229
0.0019973787026928386,12.606287726358142
0.0020017525549715746,12.596282696177056
0.0020061337183905703,12.586277665995969
0.002010522211274399,12.576272635814883
0.002014918052008857,12.566267605633795
0.0020193212590412205,12.55626257545271
0.002023731850880502,12.546257545271622
0.0020281498460977087,12.536252515090537
0.002032575263326102,12.52624748490945
0.002037008121261459,12.516242454728363
0.0020414484386623325,12.506237424547276
0.0020458962343503167,12.49623239436619
0.0020503515272103116,12.486227364185103
0.0020548143361907886,12.476222334004017
0.0020592846803040576,12.46621730382293
0.0020637625786265367,12.456212273641844
0.0020682480502990223,12.446207243460757
0.0020727411145269603,12.436202213279671
0.0020772417905807177,12.426197183098585
0.0020817500977958602,12.416192152917498
0.002086266055573425,12.406187122736412
0.002090789683380199,12.396182092555325
0.0020953210007489966,12.386177062374239
0.0020998600272789415,12.376172032193152
0.0021044067826357458,12.366167002012066
0.002108961286551994,12.356161971830979
0.0021135235588274266,12.346156941649893
0.002118093619329225,12.336151911468805
0.002122671487992302,12.32614688128772
0.0021272571848195863,12.316141851106632
0.0021318507298823145,12.306136820925547
0.002136452143320323,12.29613179074446
0.00214106144534234,12.286126760563373
0.0021456786562262815,12.276121730382286
0.002150303796319545,12.2661167002012
0.002154936886039309,12.256111670020113
0.0021595779458728308,12.246106639839027
0.0021642269963777494,12.236101609657942
0.0021688840581823854,12.226096579476854
0.0021735491519860456,12.216091549295768
0.002178222298559328,12.206086519114681
0.0021829035187444284,12.196081488933595
0.0021875928334554504,12.186076458752508
0.0021922902636787147,12.176071428571422
0.0021969958304730685,12.166066398390335
0.0022017095549702027,12.156061368209249
0.002206431458374964,12.146056338028162
0.0022111615619656725,12.136051307847076
0.00221589988709444,12.126046277665989
0.002220646455187489,12.116041247484903
0.002225401287745476,12.106036217303815
0.0022301644063438112,12.09603118712273
0.002234935832632989,12.086026156941642
0.002239715588338906,12.076021126760557
0.0022445036952631996,12.06601609657947
0.00224930017528357,12.056011066398383
0.0022541050503541156,12.046006036217298
0.002258918342505665,12.03600100603621
0.0022637400738461117,12.025995975855125
0.0022685702665607545,12.015990945674037
0.0022734089429126327,12.005985915492952
0.0022782561252428658,11.995980885311864
0.002283111835971,11.985975855130778
0.0022879760975953478,11.975970824949691
0.0022928489326933376,11.965965794768605
0.00229773036392186,11.955960764587518
0.0023026204140176145,11.945955734406432
0.0023075191057974663,11.935950704225345
0.002312426462158795,11.925945674044259
0.0023173425060798516,11.915940643863172
0.002322267260620116,11.905935613682086
0.0023272007489206544,11.895930583500999
0.0023321429942044815,11.885925553319913
0.002337094019776922,11.875920523138825
0.0023420538490259756,11.86591549295774
0.0023470225054226853,11.855910462776654
0.002352000012521502,11.845905432595567
0.0023569863939606594,11.835900402414481
0.0023619816734625427,11.825895372233393
0.002366985874834065,11.815890342052308
0.002371999021967044,11.80588531187122
0.0023770211388385813,11.795880281690135
0.0023820522495114375,11.785875251509047
0.0023870923781344226,11.775870221327962
0.0023921415489427736,11.765865191146874
0.002397199786258547,11.755860160965788
0.002402267114491003,11.745855130784701
0.002407343558136997,11.735850100603615
0.002412429141781374,11.725845070422528
0.0024175238900973647,11.715840040241442
0.002422627827846979,11.705835010060355
0.002427740979881408,11.695829979879269
0.0024328633711414235,11.685824949698182
0.002437995026657784,11.675819919517096
0.0024431359715516403,11.66581488933601
0.002448286231034938,11.655809859154923
0.002453445830410836,11.645804828973837
0.002458614795074113,11.63579979879275
0.002463793150511585,11.625794768611664
0.0024689809223025208,11.615789738430577
0.0024741781361190614,11.605784708249491
0.002479384817726642,11.595779678068403
0.0024846009929844143,11.585774647887318
0.002489826687845677,11.57576961770623
0.0024950619283582946,11.565764587525145
0.0025003067406651398,11.555759557344057
0.0025055611510045187,11.545754527162972
0.0025108251857106087,11.535749496981884
0.002516098871213896,11.525744466800798
0.0025213822340416176,11.515739436619711
0.0025266753008181993,11.505734406438625
0.0025319780982657066,11.495729376257538
0.002537290653204287,11.485724346076452
0.0025426129925526235,11.475719315895367
0.0025479451433283854,11.465714285714279
0.0025532871326486846,11.455709255533193
0.0025586389877305313,11.445704225352106
0.0025640007358912944,11.43569919517102
0.0025693724045491645,11.425694164989933
0.00257475402122362,11.415689134808847
0.0025801456135358925,11.40568410462776
0.002585547209209437,11.395679074446674
0.002590958836070408,11.385674044265587
0.0025963805220481314,11.375669014084501
0.0026018122951755843,11.365663983903413
0.0026072541835898753,11.355658953722328
0.002612706215532729,11.34565392354124
0.0026181684193509695,11.335648893360155
0.0026236408234970136,11.325643863179067
0.0026291234565293553,11.315638832997982
0.002634616347113068,11.305633802816894
0.002640119524020298,11.295628772635808
0.002645633016130763,11.285623742454723
0.002651156852432257,11.275618712273635
0.0026566910620211552,11.26561368209255
0.0026622356741029213,11.255608651911462
0.0026677907179926195,11.245603621730377
0.0026733562231154306,11.235598591549289
0.002678932219007163,11.225593561368203
0.002684518735314779,11.215588531187116
0.002690115801796915,11.20558350100603
0.002695723448324407,11.195578470824943
0.002701341704880818,11.185573440643857
0.0027069706015629734,11.17556841046277
0.0027126101685814924,11.165563380281684
0.0027182604362613267,11.155558350100597
0.0027239214350423015,11.145553319919511
0.0027295931954796583,11.135548289738423
0.002735275748244605,11.125543259557338
0.0027409691241248625,11.11553822937625
0.002746673354025219,11.105533199195165
0.0027523884689680867,11.095528169014079
0.0027581145000940602,11.085523138832992
0.0027638514786624815,11.075518108651906
0.0027695994360520037,11.065513078470818
0.00277535840376116,11.055508048289733
0.0027811284134089376,11.045503018108645
0.002786909496735354,11.03549798792756
0.0027927016856020325,11.025492957746472
0.0027985050119927893,11.015487927565387
0.0028043195080142145,11.005482897384299
0.0028101452058962645,10.995477867203213
0.0028159821379928522,10.985472837022126
0.0028218303367824457,10.97546780684104
0.0028276898348686616,10.965462776659953
0.002833560664980875,10.955457746478867
0.002839442859974823,10.94545271629778
0.0028453364528332114,10.935447686116694
0.0028512414766663323,10.925442655935607
0.0028571579647126786,10.915437625754521
0.0028630859503395644,10.905432595573435
0.0028690254670437508,10.895427565392348
0.002874976548452068,10.885422535211262
0.002880939228322055,10.875417505030175
0.0028869135405425886,10.865412474849089
0.002892899519134524,10.855407444668002
0.0028988971982513356,10.845402414486916
0.0029049066121797653,10.835397384305828
0.0029109277953404712,10.825392354124743
0.0029169607822886814,10.815387323943655
0.002923005607714852,10.80538229376257
0.0029290623064453262,10.795377263581482
0.002935130913443003,10.785372233400397
0.002941211463808004,10.775367203219309
0.002947303992778349,10.765362173038223
0.0029534085357306302,10.755357142857136
0.002959525128180693,10.74535211267605
0.0029656538057843233,10.735347082494963
0.002971794604337938,10.725342052313877
0.0029779475597792714,10.715337022132791
0.0029841127081880817,10.705331991951704
0.0029902900857868434,10.695326961770618
0.0029964797289414617,10.685321931589531
0.0030026816741619737,10.675316901408445
0.003008895958103268,10.665311871227358
0.0030151226175658026,10.655306841046272
0.003021361689496324,10.645301810865185
0.0030276132109885983,10.635296780684099
0.003033877219284137,10.625291750503012
0.0030401537517729367,10.615286720321926
0.0030464428459942208,10.605281690140838
0.0030527445396371766,10.595276659959753
0.0030590588705417116,10.585271629778665
0.0030653858766992014,10.57526659959758
0.00307172559625325,10.565261569416492
0.003078078067500453,10.555256539235407
0.00308444332889116,10.545251509054319
0.003090821419030252,10.535246478873233
0.0030972123766779148,10.525241448692148
0.003103616240750417,10.51523641851106
0.003110033050320902,10.505231388329975
0.003116462844620171,10.495226358148887
0.0031229056630374848,10.485221327967801
0.0031293615451213576,10.475216297786714
0.003135830530580368,10.465211267605628
0.0031423126592839603,10.455206237424541
0.0031488079712632686,10.445201207243455
0.0031553165067119294,10.435196177062368
0.0031618383059869087,10.425191146881282
0.0031683734096093303,10.415186116700195
0.003174921858265312,10.405181086519109
0.003181483692806803,10.395176056338022
0.003188058954252431,10.385171026156936
0.003194647683788349,10.375165995975848
0.0032012499227690935,10.365160965794763
0.003207865712718444,10.355155935613675
0.0032144950953302866,10.34515090543259
0.0032211381124694887,10.335145875251504
0.0032277948061727717,10.325140845070417
0.003234465218649593,10.31513581488933
0.0032411493922830355,10.305130784708243
0.0032478473696307,10.295125754527158
0.003254559193425598,10.28512072434607
0.0032612849065770623,10.275115694164985
0.0032680245521716526,10.265110663983897
0.003274778173474071,10.255105633802811
0.0032815458139280806,10.245100603621724
0.0032883275171574364,10.235095573440638
0.0032951233269668118,10.225090543259551
0.0033019332873427407,10.215085513078465
0.0033087574424545555,10.205080482897378
0.003315595836655344,10.195075452716292
0.0033224485144829003,10.185070422535205
0.003329315520660684,10.175065392354119
0.003336196900098793,10.165060362173032
0.003343092697894933,10.155055331991946
0.0033500029593353975,10.14505030181086
0.0033569277298960546,10.135045271629773
0.003363867055243338,10.125040241448687
0.0033708209812352437,10.1150352112676
0.0033777895539223363,10.105030181086514
0.00338477281954876,10.095025150905427
0.0033917708245532526,10.08502012072434
0.003398783615570172,10.075015090543253
0.003405811239430523,10.065010060362168
0.003412853743162997,10.05500503018108
0.003419911173995014,10.044999999999995
0.0034269835793537652,10.034994969818907
0.0034340710068672823,10.024989939637821
0.0034411735043654882,10.014984909456734
0.003448291119881275,10.004979879275648
0.0034554239016515737,9.994974849094561
0.0034625718981184427,9.984969818913475
0.003469735157930154,9.974964788732388
0.003476913729942294,9.964959758551302
0.0034841076632188646,9.954954728370216
0.0034913170070333937,9.944949698189129
0.003498541810870057,9.934944668008043
0.0035057821244248,9.924939637826956
0.0035130379976064737,9.91493460764587
0.003520309480537972,9.904929577464783
0.003527596623557379,9.894924547283697
0.003534899477219125,9.88491951710261
0.003542218092295149,9.874914486921524
0.0035495525197760626,9.864909456740437
0.0035569028108723357,9.85490442655935
0.0035642690170154755,9.844899396378263
0.0035716511898592203,9.834894366197178
0.003579049381280739,9.82488933601609
0.003586463643381839,9.814884305835005
0.0035938940284901823,9.804879275653917
0.0036013405891605096,9.794874245472831
0.0036088033781758715,9.784869215291744
0.0036162824485488636,9.774864185110658
0.003623777853522883,9.764859154929573
0.0036312896465733745,9.754854124748485
0.0036388178814091036,9.7448490945674
0.0036463626119734205,9.734844064386312
0.003653923892445545,9.724839034205226
0.003661501777241855,9.714834004024139
0.0036690963210171835,9.704828973843053
0.003676707578666122,9.694823943661966
0.0036843356053243392,9.68481891348088
0.003691980456369903,9.674813883299793
0.0036996421874246088,9.664808853118707
0.003707320854355323,9.65480382293762
0.003715016513275334,9.644798792756534
0.0037227292205457064,9.634793762575447
0.003730459032776651,9.62478873239436
0.0037382060068289025,9.614783702213273
0.0037459701998150967,9.604778672032188
0.0037537516691011795,9.5947736418511
0.003761550472307797,9.584768611670015
0.0037693666673117177,9.574763581488929
0.0037772003122472516,9.564758551307841
0.0037850514655076817,9.554753521126756
0.0037929201857467075,9.544748490945668
0.0038008065318798964,9.534743460764583
0.003808710563086144,9.524738430583495
0.003816632338809143,9.51473340040241
0.0038245719187588677,9.504728370221322
0.003832529362913063,9.494723340040236
0.003840504731518746,9.484718309859149
0.0038484980850937126,9.474713279678063
0.0038565094844280634,9.464708249496976
0.0038645389905857326,9.45470321931589
0.0038725866649060325,9.444698189134803
0.0038806525690051963,9.434693158953717
0.0038887367647779526,9.42468812877263
0.0038968393143990906,9.414683098591544
0.0039049602803250465,9.404678068410457
0.003913099725295497,9.39467303822937
0.0039212577123349645,9.384668008048285
0.003929434304754434,9.374662977867198
0.0039376295661529784,9.364657947686112
0.003945843560419402,9.354652917505025
0.003954076351733879,9.344647887323939
0.003962328004569627,9.334642857142851
0.003970598583694571,9.324637826961766
0.003978888154173028,9.314632796780678
0.003987196781367406,9.304627766599593
0.003995524530939904,9.294622736418505
0.0040038714688542375,9.28461770623742
0.004012237661377364,9.274612676056332
0.004020623175081223,9.264607645875246
0.004029028076844497,9.254602615694159
0.004037452433854374,9.244597585513073
0.004045896313608325,9.234592555331986
0.004054359783915895,9.2245875251509
0.00406284291290051,9.214582494969813
0.004071345769001285,9.204577464788727
0.0040798684209748595,9.194572434607641
0.004088410937897237,9.184567404426554
0.004096973389165633,9.174562374245468
0.0041055558445003484,9.16455734406438
0.004114158373946647,9.154552313883295
0.004122781047876648,9.144547283702208
0.004131423936991231,9.134542253521122
0.004140087112321958,9.124537223340035
0.004148770645233002,9.114532193158949
0.0041574746074231,9.104527162977861
0.004166199070927503,9.094522132796776
0.004174944108119961,9.084517102615688
0.004183709791714702,9.074512072434603
0.00419249619476844,9.064507042253515
0.004201303390682383,9.05450201207243
0.004210131453204275,9.044496981891342
0.004218980456430426,9.034491951710256
0.004227850474807784,9.024486921529169
0.004236741583136001,9.014481891348083
0.004245653856569517,9.004476861166998
0.004254587370619676,8.99447183098591
0.0042635422011568355,8.984466800804825
0.0042725184244124985,8.974461770623737
0.004281516116981466,8.964456740442651
0.004290535355823996,8.954451710261564
0.004299576218267989,8.944446680080478
0.004308638782011177,8.93444164989939
0.004317723125123333,8.924436619718305
0.0043268293260485015,8.914431589537218
0.0043359574636072425,8.904426559356132
0.004345107616998883,8.894421529175045
0.004354279865803795,8.884416498993959
0.0043634742899856865,8.874411468812871
0.00437269096989391,8.864406438631786
0.004381929986265784,8.854401408450698
0.0043911914202289385,8.844396378269613
0.004400475353303662,8.834391348088525
0.004409781867405295,8.82438631790744
0.004419111044846603,8.814381287726354
0.004428462968340199,8.804376257545266
0.0044378377210009656,8.79437122736418
0.004447235386348499,8.784366197183093
0.004456656048309576,8.774361167002008
0.00446609979122063,8.76435613682092
0.00447556669983025,8.754351106639835
0.0044850568593017,8.744346076458747
0.0044945703552154576,8.734341046277661
0.0045041072735717575,8.724336016096574
0.004513667700793177,8.714330985915488
0.004523251723727219,8.7043259557344
0.004532859429648924,8.694320925553315
0.004542490906263507,8.684315895372228
0.004552146241708998,8.674310865191142
0.004561825524558914,8.664305835010055
0.004571528843824951,8.654300804828969
0.00458125628895969,8.644295774647881
0.0045910079498593295,8.634290744466796
0.0046007839168664254,8.62428571428571
0.004610584280772673,8.614280684104623
0.0046204091328216875,8.604275653923537
0.004630258564711821,8.59427062374245
0.004640132668598986,8.584265593561364
0.004650031537099522,8.574260563380276
0.00465995526329306,8.56425553319919
0.004669903940725417,8.554250503018103
0.004679877663411526,8.544245472837018
0.00468987652583836,8.53424044265593
0.004699900622967903,8.524235412474845
0.004709950050240135,8.514230382293757
0.004720024903576035,8.504225352112671
0.004730125279380607,8.494220321931584
0.004740251274545941,8.484215291750498
0.004750402986454278,8.47421026156941
0.0047605805129811215,8.464205231388325
0.0047707839524983465,8.454200201207238
0.004781013403877351,8.444195171026152
0.004791268966492228,8.434190140845066
0.004801550740222952,8.424185110663979
0.00481185882545861,8.414180080482893
0.004822193323100623,8.404175050301806
0.004832554334566037,8.39417002012072
0.004842941961790803,8.384164989939633
0.004853356307233094,8.374159959758547
0.004863797473876651,8.36415492957746
0.004874265565234154,8.354149899396374
0.004884760685350613,8.344144869215286
0.004895282938806791,8.3341398390342
0.004905832430722646,8.324134808853113
0.004916409266760815,8.314129778672028
0.004927013553130107,8.30412474849094
0.0049376453965890325,8.294119718309855
0.0049483049044493615,8.284114688128767
0.0049589921845797,8.274109657947681
0.004969707345409108,8.264104627766594
0.004980450495930732,8.254099597585508
0.00499122174570548,8.244094567404423
0.005002021204865703,8.234089537223335
0.005012848984118935,8.22408450704225
0.00502370519475164,8.214079476861162
0.005034589948632993,8.204074446680076
0.005045503358218696,8.194069416498989
0.005056445536554818,8.184064386317903
0.005067416597281672,8.174059356136816
0.005078416654637713,8.16405432595573
0.005089445823463473,8.154049295774643
0.005100504219205534,8.144044265593557
0.005111591957920513,8.13403923541247
0.005122709156279097,8.124034205231384
0.005133855931570101,8.114029175050296
0.005145032401704563,8.10402414486921
0.005156238685219861,8.094019114688125
0.005167474901283882,8.084014084507038
0.005178741169699202,8.074009054325952
0.0051900376109073176,8.064004024144865
0.0052013643459929,8.053998993963779
0.005212721496688083,8.043993963782691
0.005224109185376799,8.033988933601606
0.0052355275350991345,8.023983903420518
0.005246976669555723,8.013978873239433
0.005258456713112183,8.003973843058345
0.005269967790803578,7.993968812877259
0.005281510028338924,7.983963782696172
0.005293083552105728,7.9739587525150855
0.005304688489174561,7.963953722334
0.005316324967303677,7.953948692152913
0.0053279931149436575,7.943943661971827
0.0053396930612420995,7.93393863179074
0.005351424936048349,7.9239336016096535
0.005363188869918253,7.913928571428567
0.00537498499411898,7.90392354124748
0.005386813440633846,7.893918511066394
0.005398674342167205,7.883913480885307
0.005410567832149369,7.873908450704221
0.005422494044741574,7.863903420523134
0.005434453114840979,7.853898390342048
0.005446445178085711,7.843893360160961
0.00545847037085995,7.8338883299798745
0.005470528830299061,7.823883299798788
0.005482620694294758,7.813878269617701
0.00549474610150032,7.803873239436615
0.005506905191335844,7.793868209255528
0.005519098103993552,7.783863179074443
0.0055313249804431214,7.773858148893356
0.005543585962437082,7.7638531187122695
0.005555881192516248,7.753848088531183
0.005568210814015187,7.743843058350096
0.005580574971067755,7.73383802816901
0.005592973808612659,7.723832997987923
0.005605407472399073,7.713827967806837
0.005617876108992297,7.70382293762575
0.005630379865779481,7.6938179074446635
0.005642918890975367,7.683812877263577
0.005655493333628109,7.67380784708249
0.005668103343625115,7.663802816901404
0.005680749071698967,7.653797786720317
0.005693430669433364,7.643792756539231
0.005706148289269135,7.633787726358144
0.005718902084510287,7.623782696177058
0.005731692209330121,7.613777665995971
0.005744518818777383,7.6037726358148845
0.005757382068782485,7.593767605633799
0.005770282116163759,7.583762575452712
0.005783219118633779,7.573757545271626
0.005796193234805739,7.563752515090539
0.005809204624199869,7.553747484909453
0.005822253447249926,7.543742454728366
0.005835339865309718,7.5337374245472795
0.005848464040659713,7.523732394366193
0.005861626136513674,7.513727364185106
0.0058748263170253796,7.50372233400402
0.0058880647472953716,7.493717303822933
0.005901341593377796,7.483712273641847
0.005914657022287275,7.47370724346076
0.00592801120200585,7.4637022132796735
0.005941404301489981,7.453697183098587
0.005954836490677622,7.4436921529175
0.0059683079404953265,7.433687122736414
0.0059818188228654475,7.423682092555327
0.0059953693107133825,7.413677062374241
0.006008959577974881,7.403672032193155
0.006022589799603429,7.3936670020120685
0.006036260151577684,7.383661971830982
0.006049970810908984,7.373656941649895
0.006063721955648912,7.363651911468809
0.006077513764896949,7.353646881287722
0.006091346418808166,7.343641851106636
0.006105220098601009,7.333636820925549
0.0061191349865651265,7.323631790744463
0.0061330912660693005,7.313626760563376
0.006147089121569417,7.3036217303822895
0.006161128738616517,7.293616700201203
0.006175210303864928,7.283611670020116
0.00618933400508046,7.27360663983903
0.006203500031148668,7.263601609657943
0.006217708572083204,7.253596579476857
0.0062319598190342385,7.24359154929577
0.006246253964296938,7.2335865191146835
0.0062605912013200486,7.223581488933597
0.0062749717247145426,7.213576458752511
0.006289395730262338,7.203571428571425
0.006303863414925103,7.193566398390338
0.006318374976853138,7.183561368209252
0.006332930615394344,7.173556338028165
0.006347530531103259,7.1635513078470785
0.006362174925750185,7.153546277665992
0.006376864002330404,7.143541247484905
0.006391597965073463,7.133536217303819
0.00640637701945255,7.123531187122732
0.00642120137219397,7.113526156941646
0.0064360712312866684,7.103521126760559
0.006450986805991894,7.093516096579473
0.006465948306852907,7.083511066398386
0.006480955945704801,7.0735060362172995
0.006496009935684397,7.063501006036213
0.00651111049124025,7.053495975855126
0.00652625782814273,7.04349094567404
0.006541452163494197,7.033485915492953
0.006556693715739286,7.0234808853118675
0.006571982704675265,7.013475855130781
0.00658731935146251,7.003470824949694
0.006602703878635064,6.993465794768608
0.0066181365101112884,6.983460764587521
0.006633617471204639,6.973455734406435
0.006649146988634516,6.963450704225348
0.006664725290537228,6.953445674044262
0.006680352606477055,6.943440643863175
0.006696029167457417,6.9334356136820885
0.006711755205932148,6.923430583501002
0.0067275309558168725,6.913425553319915
0.006743356652500497,6.903420523138829
0.006759232532856794,6.893415492957742
0.006775158835256109,6.883410462776656
0.006791135799577182,6.873405432595569
0.006807163667219069,6.863400402414483
0.006823242681113171,6.853395372233396
0.006839373085735406,6.8433903420523094
0.006855555127118465,6.833385311871224
0.006871789052864203,6.823380281690137
0.006888075112156143,6.813375251509051
0.006904413555772099,6.803370221327964
0.006920804636096922,6.7933651911468775
0.006937248607135364,6.783360160965791
0.006953745724525077,6.773355130784704
0.006970296245549716,6.763350100603618
0.006986900429152196,6.753345070422531
0.007003558535948051,6.743340040241445
0.007020270828238935,6.733335010060358
0.007037037570026254,6.723329979879272
0.00705385902702493,6.713324949698185
0.007070735466677293,6.7033199195170985
0.007087667158167116,6.693314889336012
0.007104654372433776,6.683309859154925
0.007121697382186568,6.673304828973839
0.007138796461919147,6.663299798792752
0.007155951887924119,6.653294768611666
0.0071731639383077654,6.64328973843058
0.007190432893004921,6.6332847082494935
0.007207759033793999,6.623279678068407
0.007225142644312157,6.61327464788732
0.007242584010070622,6.603269617706234
0.007260083418470149,6.593264587525147
0.007277641158816661,6.583259557344061
0.007295257522337017,6.573254527162974
0.007312932802194955,6.5632494969818875
0.007330667293507178,6.553244466800801
0.007348461293359619,6.543239436619714
0.007366315100823857,6.533234406438628
0.007384229016973694,6.523229376257541
0.007402203344901902,6.513224346076455
0.007420238389737146,6.503219315895368
0.007438334458661067,6.493214285714282
0.007456491860925537,6.483209255533195
0.0074747109078700975,6.4732042253521085
0.007492991912939557,6.463199195171022
0.007511335191701793,6.453194164989936
0.0075297410618657065,6.44318913480885
0.007548209843299376,6.433184104627763
0.0075667418580483885,6.423179074446677
0.007585337430354367,6.41317404426559
0.007603996886673671,6.4031690140845035
0.007622720555696309,6.393163983903417
0.007641508768365015,6.38315895372233
0.007660361857894563,6.373153923541244
0.007679280159791232,6.363148893360157
0.007698264011872512,6.353143863179071
0.007717313754286986,6.343138832997984
0.007736429729534437,6.3331338028168975
0.00775561228248614,6.323128772635811
0.007774861760405393,6.313123742454724
0.007794178512968237,6.303118712273638
0.007813562892284395,6.293113682092551
0.007833015252918456,6.283108651911465
0.007852535951911226,6.273103621730378
0.00787212534880137,6.2630985915492925
0.007891783805647215,6.253093561368206
0.00791151168704883,6.243088531187119
0.007931309360170313,6.233083501006033
0.007951177194762328,6.223078470824946
0.00797111556318485,6.21307344064386
0.0079911248404302,6.203068410462773
0.008011205404146269,6.193063380281687
0.008031357634660036,6.1830583501006
0.008051581915001289,6.1730533199195134
0.008071878630926647,6.163048289738427
0.008092248170943804,6.15304325955734
0.008112690926336038,6.143038229376254
0.008133207291186991,6.133033199195167
0.008153797662405702,6.123028169014081
0.00817446243975193,6.113023138832994
0.008195202025861718,6.1030181086519075
0.008216016826273261,6.093013078470821
0.008236907249453036,6.083008048289734
0.008257873706822216,6.073003018108649
0.008278916612783386,6.062997987927562
0.008300036384747522,6.052992957746476
0.008321233443161283,6.042987927565389
0.008342508211534596,6.0329828973843025
0.008363861116468536,6.022977867203216
0.008385292587683519,6.012972837022129
0.008406803058047795,6.002967806841043
0.008428392963606257,5.992962776659956
0.008450062743609571,5.98295774647887
0.008471812840543618,5.972952716297783
0.008493643700159268,5.962947686116697
0.00851555577150247,5.95294265593561
0.0085375495069447,5.9429376257545234
0.008559625362213719,5.932932595573437
0.008581783796424684,5.92292756539235
0.008604025272111609,5.912922535211264
0.008626350255259176,5.902917505030177
0.008648759215334891,5.892912474849091
0.008671252625321608,5.882907444668005
0.008693830961750412,5.872902414486918
0.008716494704733888,5.862897384305832
0.00873924433799974,5.852892354124745
0.0087620803489248,5.842887323943659
0.008785003228569427,5.832882293762572
0.008808013471712279,5.822877263581486
0.008831111576885499,5.812872233400399
0.008854298046410285,5.8028672032193125
0.008877573386432875,5.792862173038226
0.008900938106960918,5.782857142857139
0.00892439272190031,5.772852112676053
0.008947937749092392,5.762847082494966
0.008971573710351618,5.75284205231388
0.008995301131503632,5.742837022132793
0.009019120542423795,5.732831991951707
0.009043032477076152,5.72282696177062
0.009067037473552848,5.712821931589533
0.009091136074113992,5.702816901408447
0.00911532882522801,5.692811871227361
0.00913961627761243,5.682806841046275
0.009163998986275165,5.672801810865188
0.009188477510556285,5.6627967806841015
0.009213052414170236,5.652791750503015
0.00923772426524861,5.642786720321928
0.00926249363638337,5.632781690140842
0.009287361104670603,5.622776659959755
0.009312327251754786,5.612771629778669
0.00933739266387357,5.602766599597582
0.009362557931903104,5.592761569416496
0.009387823651403882,5.582756539235409
0.009413190422667125,5.5727515090543225
0.009438658850761766,5.562746478873236
0.009464229545581914,5.552741448692149
0.009489903121894957,5.542736418511063
0.009515680199390197,5.532731388329976
0.00954156140272808,5.52272635814889
0.009567547361590035,5.512721327967803
0.00959363871072887,5.5027162977867174
0.009619836090019818,5.492711267605631
0.00964614014451217,5.482706237424544
0.009672551524481557,5.472701207243458
0.009699070885482847,5.462696177062371
0.009725698888403685,5.452691146881285
0.0097524361995187,5.442686116700198
0.009779283490544351,5.4326810865191115
0.009806241438694477,5.422676056338025
0.009833310726736478,5.412671026156938
0.00986049204304823,5.402665995975852
0.009887786081675683,5.392660965794765
0.009915193542391162,5.382655935613679
0.00994271513075239,5.372650905432592
0.009970351558162255,5.362645875251506
0.009998103541929305,5.352640845070419
0.010025971805328989,5.3426358148893325
0.010053957077665678,5.332630784708246
0.010082060094335439,5.322625754527159
0.010110281596889616,5.312620724346074
0.010138622333099177,5.302615694164987
0.01016708305701991,5.292610663983901
0.010195664529058398,5.282605633802814
0.010224367516038835,5.2726006036217274
0.010253192791270724,5.262595573440641
0.010282141134617367,5.252590543259554
0.010311213332565277,5.242585513078468
0.010340410178294436,5.232580482897381
0.01036973247174948,5.222575452716295
0.01039918101971176,5.212570422535208
0.010428756635872359,5.2025653923541215
0.010458460140905998,5.192560362173035
0.010488292362545944,5.182555331991948
0.010518254135659832,5.172550301810862
0.010548346302326515,5.162545271629775
0.01057856971191386,5.152540241448689
0.010608925221157573,5.142535211267602
0.010639413694241054,5.132530181086516
0.01067003600287628,5.12252515090543
0.010700793026385743,5.112520120724343
0.010731685651785451,5.102515090543257
0.010762714773869041,5.09251006036217
0.010793881295292964,5.082505030181084
0.010825186126662806,5.072499999999997
0.01085663018662074,5.062494969818911
0.010888214401934153,5.052489939637824
0.010919939707585407,5.042484909456737
0.010951807046862825,5.032479879275651
0.010983817371452872,5.022474849094564
0.011015971641533553,5.012469818913478
0.011048270825869087,5.002464788732391
0.011080715901905819,4.992459758551305
0.01111330785586943,4.982454728370218
0.011146047682863444,4.9724496981891315
0.011178936386969084,4.962444668008045
0.01121197498134645,4.952439637826958
0.011245164488337078,4.942434607645872
0.011278505939567883,4.932429577464786
0.011312000376056529,4.9224245472837
0.011345648848318207,4.912419517102613
0.011379452416473899,4.9024144869215265
0.011413412150360104,4.89240945674044
0.011447529129640071,4.882404426559353
0.011481804443916568,4.872399396378267
0.011516239192846204,4.86239436619718
0.011550834486255306,4.852389336016094
0.011585591444257429,4.842384305835007
0.011620511197372483,4.832379275653921
0.01165559488664751,4.822374245472834
0.011690843663779156,4.812369215291747
0.011726258691237829,4.802364185110661
0.011761841142393627,4.792359154929574
0.011797592201644008,4.782354124748488
0.011833513064543265,4.772349094567401
0.011869604937933806,4.762344064386315
0.01190586904007933,4.752339034205228
0.01194230660079984,4.742334004024142
0.011978918861608607,4.732328973843056
0.01201570707585106,4.722323943661969
0.012052672508845662,4.712318913480883
0.012089816438026812,4.702313883299796
0.01212714015308977,4.69230885311871
0.012164644956137687,4.682303822937623
0.012202332161830719,4.6722987927565365
0.01224020309753733,4.66229376257545
0.012278259103487761,4.652288732394363
0.012316501532929717,4.642283702213277
0.012354931752286316,4.63227867203219
0.012393551141316381,4.622273641851104
0.012432361093276993,4.612268611670017
0.012471363015088506,4.6022635814889306
0.012510558327501906,4.592258551307844
0.012549948465268686,4.582253521126757
0.012589534877313218,4.572248490945671
0.012629319026907629,4.562243460764584
0.012669302391849324,4.552238430583499
0.012709486464641092,4.542233400402412
0.012749872752673943,4.5322283702213255
0.012790462778412632,4.522223340040239
0.012831258079583983,4.512218309859152
0.012872260209368006,4.502213279678066
0.012913470736591926,4.492208249496979
0.012954891245927115,4.482203219315893
0.01299652333808899,4.472198189134806
0.013038368630039949,4.46219315895372
0.01308042875519539,4.452188128772633
0.013122705363632857,4.4421830985915465
0.013165200122304382,4.43217806841046
0.013207914715252062,4.422173038229373
0.013250850843826968,4.412168008048287
0.013294010226911393,4.4021629778672
0.013337394601144529,4.392157947686114
0.013381005721151657,4.382152917505027
0.013424845359776828,4.3721478873239406
0.013468915308319226,4.362142857142855
0.01351321737677317,4.352137826961768
0.013557753394071875,4.342132796780682
0.013602525208334996,4.332127766599595
0.013647534687120117,4.322122736418509
0.01369278371767815,4.312117706237422
0.013738274207212756,4.3021126760563355
0.013784008083143895,4.292107645875249
0.013829987293375548,4.282102615694162
0.013876213806567686,4.272097585513076
0.013922689612412555,4.262092555331989
0.013969416721915425,4.252087525150903
0.01401639716767977,4.242082494969816
0.014063633004197093,4.23207746478873
0.014111126308141382,4.222072434607643
0.014158879178668312,4.2120674044265565
0.014206893737719311,4.20206237424547
0.01425517213033057,4.192057344064383
0.014303716524947043,4.182052313883297
0.014352529113741621,4.172047283702211
0.014401612112939471,4.162042253521125
0.014450967763147762,4.152037223340038
0.014500598329690764,4.142032193158951
0.014550506102950486,4.132027162977865
0.014600693398712956,4.122022132796778
0.014651162558520264,4.112017102615692
0.01470191595002841,4.102012072434605
0.014752955967371157,4.092007042253519
0.014804285031529963,4.082002012072432
0.014855905590710112,4.0719969818913455
0.014907820120723149,4.061991951710259
0.014960031125375813,4.051986921529172
0.015012541136865488,4.041981891348086
0.015065352716182416,4.031976861167
0.01511846845351868,4.021971830985914
0.015171890968684237,4.011966800804827
0.015225622911529995,4.0019617706237405
0.015279666962378207,3.991956740442654
0.01533402583246019,3.9819517102615674
0.015388702264361674,3.971946680080481
0.015443699032475786,3.9619416498993942
0.015499018943463932,3.9519366197183077
0.015554664836724658,3.9419315895372216
0.015610639584870724,3.931926559356135
0.0156669460942145,3.9219215291750484
0.015723587305261855,3.911916498993962
0.01578056619321482,3.9019114688128753
0.015837885768482975,3.8919064386317888
0.01589554907720405,3.881901408450702
0.015953559201773625,3.8718963782696156
0.01601191926138433,3.861891348088529
0.016070632412574656,3.8518863179074425
0.01612970184978759,3.8418812877263564
0.016189130805939256,3.83187625754527
0.016248922552997848,3.8218712273641833
0.016309080402572944,3.8118661971830967
0.016369607706515577,3.80186116700201
0.016430507857529142,3.7918561368209236
0.016491784289791474,3.781851106639837
0.01655344047958827,3.7718460764587505
0.016615479945958155,3.761841046277664
0.016677906251349562,3.751836016096578
0.016740723002289782,3.7418309859154912
0.016803933850066344,3.7318259557344047
0.016867542491421052,3.721820925553318
0.016931552669256975,3.7118158953722316
0.01699596817335856,3.701810865191145
0.017060792841125307,3.6918058350100584
0.017126030558319183,3.681800804828972
0.017191685259826124,3.6717957746478853
0.017257760930431937,3.6617907444667988
0.0173242616056129,3.6517857142857126
0.01739119137234143,3.641780684104626
0.017458554369907064,3.6317756539235395
0.017526354790753207,3.621770623742453
0.017594596881329923,3.6117655935613664
0.017663284942963146,3.60176056338028
0.01773242333274066,3.5917555331991933
0.017802016464415316,3.5817505030181067
0.01787206880932575,3.57174547283702
0.017942584897335072,3.561740442655934
0.018013569317787942,3.5517354124748475
0.018085026720486418,3.541730382293761
0.018156961816685024,3.5317253521126744
0.018229379380105472,3.521720321931588
0.01830228424797152,3.5117152917505012
0.018375681322064383,3.5017102615694147
0.018449575569799214,3.491705231388328
0.018523972025323136,3.4817002012072416
0.018598875790635315,3.471695171026155
0.01867429203672961,3.461690140845069
0.018750226004760326,3.4516851106639823
0.018826683007231577,3.4416800804828958
0.01890366842921093,3.431675050301809
0.018981187729567733,3.4216700201207226
0.019059246442236895,3.411664989939636
0.019137850177508596,3.4016599597585495
0.019217004623344632,3.391654929577463
0.01929671554672196,3.3816498993963764
0.019376988795004182,3.3716448692152903
0.0194578302973416,3.3616398390342037
0.019539246066100534,3.351634808853117
0.019621242198322616,3.3416297786720306
0.019703824877214844,3.331624748490944
0.019787000373671076,3.3216197183098575
0.01987077504782581,3.311614688128771
0.01995515535064098,3.3016096579476844
0.020040147825526673,3.291604627766598
0.020125759109996522,3.2815995975855112
0.020211995937358708,3.271594567404425
0.02029886513844345,3.2615895372233386
0.020386373643367872,3.251584507042252
0.02047452848333924,3.2415794768611654
0.020563336792497493,3.231574446680079
0.020652805809798138,3.2215694164989923
0.02074294288093642,3.2115643863179058
0.020833755460314005,3.201559356136819
0.02092525111304906,3.1915543259557326
0.021017437517031064,3.1815492957746465
0.021110322465021297,3.17154426559356
0.021203913866800424,3.1615392354124734
0.021298219751364155,3.151534205231387
0.021393248269168497,3.1415291750503003
0.021489007694425657,3.1315241448692137
0.021585506427452165,3.121519114688127
0.021682752997070412,3.1115140845070406
0.021780756063065117,3.101509054325954
0.021879524418696214,3.0915040241448675
0.021979066993269573,3.0814989939637814
0.022079392854767243,3.071493963782695
0.022180511212538664,3.0614889336016082
0.022282431420054694,3.0514839034205217
0.022385162977725952,3.041478873239435
0.022488715535787438,3.0314738430583485
0.022593098897251074,3.021468812877262
0.022698323020928158,3.0114637826961754
0.022804398024523578,3.001458752515089
0.022911334187803886,2.9914537223340028
0.02301914195584114,2.981448692152916
0.023127831942334743,2.9714436619718296
0.023237414933013494,2.961438631790743
0.02334790188911996,2.9514336016096565
0.02345930395097968,2.94142857142857
0.0235716324416575,2.9314235412474834
0.023684898870703543,2.921418511066397
0.02379911493799138,2.9114134808853103
0.023914292537651125,2.9014084507042237
0.02403044376210008,2.8914034205231376
0.02414758090617383,2.881398390342051
0.024265716471360693,2.8713933601609645
0.02438486317014258,2.861388329979878
0.02450503393044528,2.8513832997987913
0.024626241900201587,2.841378269617705
0.024748500452030392,2.8313732394366182
0.024871823188035345,2.8213682092555317
0.02499622394472658,2.811363179074445
0.025121716798069203,2.801358148893359
0.025248316068662402,2.7913531187122724
0.025376036327053035,2.781348088531186
0.025504892399187892,2.7713430583500993
0.02563489937200874,2.7613380281690127
0.025766072599194646,2.751332997987926
0.02589842770705595,2.7413279678068396
0.02603198060058478,2.731322937625753
0.02616674746966672,2.7213179074446665
0.026302744795458882,2.71131287726358
0.026439989356939402,2.701307847082494
0.02657849823763389,2.6913028169014073
0.026718288832524282,2.6812977867203207
0.026859378855146034,2.671292756539234
0.027001786344879476,2.6612877263581476
0.02714552967444172,2.651282696177061
0.027290627557585417,2.6412776659959745
0.027437099057011104,2.631272635814888
0.027584963592500115,2.6212676056338013
0.02773424094927507,2.6112625754527152
0.027884951286595645,2.6012575452716287
0.028037115146597076,2.591252515090542
0.02819075346337968,2.5812474849094555
0.02834588757235748,2.571242454728369
0.028502539219874744,2.5612374245472824
0.028660730573099313,2.551232394366196
0.02882048423020211,2.5412273641851093
0.028981823230832395,2.5312223340040227
0.02914477106689894,2.521217303822936
0.029309351693667423,2.51121227364185
0.02947558954118502,2.5012072434607635
0.029643509526043377,2.491202213279677
0.029813137063491726,2.4811971830985904
0.029984498079912283,2.471192152917504
0.030157619025670622,2.4611871227364173
0.03033252688835426,2.4511820925553307
0.03050924920641299,2.441177062374244
0.030687814083215404,2.4311720321931576
0.03086825020153634,2.4211670020120715
0.031050586838490747,2.411161971830985
0.031234853880929943,2.4011569416498983
0.031421081841317235,2.391151911468812
0.03160930187410002,2.3811468812877252
0.03179954579259689,2.3711418511066387
0.031991846086418245,2.361136820925552
0.03218623593944063,2.3511317907444655
0.03238274924835486,2.341126760563379
0.03258142064180978,2.3311217303822924
0.032782285500173695,2.3211167002012063
0.03298537997593695,2.3111116700201197
0.03319074101478,2.301106639839033
0.03339840637733212,2.2911016096579466
0.03360841466164764,2.28109657947686
0.03382080532642685,2.2710915492957735
0.0340356187150109,2.261086519114687
0.03425289608018051,2.2510814889336004
0.03447267960979024,2.241076458752514
0.03469501245327099,2.2310714285714277
0.03491993874903537,2.221066398390341
0.03514750365282163,2.2110613682092546
0.03537775336701404,2.201056338028168
0.03561073517097872,2.1910513078470815
0.03584649745245645,2.181046277665995
0.03608508974005503,2.1710412474849083
0.03632656273688671,2.161036217303822
0.03657096835539757,2.1510311871227352
0.036818359753438265,2.1410261569416487
0.03706879137162822,2.1310211267605625
0.03732231897206681,2.121016096579476
0.0375789996784492,2.1110110663983894
0.03783889201764573,2.101006036217303
0.03810205596280758,2.0910010060362163
0.03836855297806434,2.0809959758551297
0.03863844606488203,2.070990945674043
0.03891179981015387,2.0609859154929566
0.03918868043609948,2.05098088531187
0.039469155852051976,2.0409758551307835
0.03975329570821677,2.030970824949697
0.04004117145148953,2.020965794768611
0.04033285638342584,2.0109607645875243
0.04062842572045939,2.0009557344064377
0.040927956656470886,1.9909507042253511
0.041231528427814815,1.9809456740442646
0.041539222380917236,1.9709406438631782
0.04185112204256331,1.9609356136820917
0.04216731319299987,1.9509305835010051
0.04248788394198493,1.9409255533199186
0.04281292480792302,1.930920523138832
0.04314252880023294,1.9209154929577457
0.04347679150510231,1.910910462776659
0.04381581117479181,1.9009054325955725
0.04415968882066118,1.890900402414486
0.04450852831009824,1.8808953722333994
0.044862436467542614,1.870890342052313
0.04522152317980653,1.8608853118712265
0.045585901505906516,1.85088028169014
0.04595568779163206,1.8408752515090534
0.046331001789090304,1.830870221327967
0.046711966781479555,1.8208651911468805
0.04709870971335935,1.810860160965794
0.04749136132670023,1.8008551307847074
0.047890056303013365,1.7908501006036208
0.048294933411877905,1.7808450704225345
0.04870613566620317,1.770840040241448
0.049123810484582725,1.7608350100603614
0.049548109861119814,1.7508299798792748
0.049979190543126016,1.7408249496981882
0.0504172142171207,1.730819919517102
0.05086234770358468,1.7208148893360153
0.05131476316095047,1.7108098591549288
0.05177463829934161,1.7008048289738422
0.05224215660460648,1.6907997987927557
0.052717507573226595,1.6807947686116693
0.05320088695871749,1.6707897384305828
0.05369249703017979,1.6607847082494962
0.054192546843701894,1.6507796780684096
0.054701252527361834,1.6407746478873233
0.05521883758062573,1.6307696177062367
0.055745533188993966,1.6207645875251502
0.05628157855480396,1.6107595573440636
0.05682722124516048,1.600754527162977
0.057382717558031274,1.5907494969818907
0.057948332907618055,1.5807444668008042
0.05852434223019069,1.5707394366197176
0.05911103041165634,1.560734406438631
0.05970869273822578,1.5507293762575445
0.06031763537163744,1.5407243460764581
0.06093817585050525,1.5307193158953716
0.061570643619470955,1.520714285714285
0.0622153805879662,1.5107092555331985
0.06287274172052285,1.500704225352112
0.06354309566071695,1.4906991951710256
0.06422682539098888,1.480694164989939
0.06492432893075413,1.4706891348088524
0.06563602007540524,1.4606841046277659
0.06636232917900863,1.4506790744466795
0.06710370398371918,1.440674044265593
0.06786061049917713,1.4306690140845064
0.06863353393541144,1.4206639839034199
0.06942297969306045,1.4106589537223333
0.07022947441503073,1.400653923541247
0.07105356710405535,1.3906488933601604
0.07189583031098391,1.3806438631790738
0.07275686139904337,1.3706388329979873
0.07363728388975316,1.3606338028169007
0.074537748896666,1.3506287726358144
0.07545893665364042,1.3406237424547278
0.07640155814493758,1.3306187122736413
0.077366356845081,1.3206136820925547
0.07835411057712618,1.3106086519114681
0.07936563349876828,1.3006036217303818
0.08040177822657688,1.2905985915492952
0.0814634381095953,1.2805935613682087
0.0825515496645901,1.2705885311871221
0.08366709518639426,1.2605835010060358
0.08481110554806849,1.2505784708249492
0.08598466320702393,1.2405734406438627
0.0871889054348224,1.230568410462776
0.08842502779011575,1.2205633802816895
0.08969428785612561,1.2105583501006032
0.09099800926622148,1.2005533199195166
0.09233758604355848,1.19054828973843
0.09371448728341346,1.1805432595573435
0.09513026220984823,1.170538229376257
0.0965865456416694,1.1605331991951706
0.09808506390639353,1.150528169014084
0.09962764124511363,1.1405231388329975
0.10121620675586172,1.130518108651911
0.10285280192834036,1.1205130784708244
0.10453958882883048,1.110508048289738
0.10627885900076818,1.1005030181086515
0.10807304315402215,1.090497987927565
0.10992472172441728,1.0804929577464784
0.11183663639467872,1.0704879275653918
0.11381170267887655,1.0604828973843055
0.11585302368481955,1.050477867203219
0.11796390518289661,1.0404728370221323
0.12014787212584811,1.0304678068410458
0.12240868678215958,1.0204627766599592
0.12475036866654968,1.0104577464788729
0.12717721647477415,1.0004527162977863
0.12969383225715125,0.9904476861166996
0.13230514809638244,0.9804426559356132
0.13501645559103193,0.9704376257545266
0.13783343848719534,0.9604325955734402
0.1407622088483133,0.9504275653923536
0.14380934720780858,0.9404225352112672
0.14698194721247249,0.9304175050301806
0.15028766533774157,0.920412474849094
0.15373477634089305,0.9104074446680076
0.15733223521675477,0.900402414486921
0.1610897465351589,0.8903973843058346
0.16501784217286591,0.880392354124748
0.16912796860837156,0.8703873239436616
0.17343258512979332,0.860382293762575
0.17794527451853528,0.8503772635814885
0.18268086802007505,0.840372233400402
0.1876555867043772,0.8303672032193155
0.19288720165955242,0.820362173038229
0.19839521586208686,0.8103571428571424
0.20420107103521742,0.8003521126760559
0.21032838335514795,0.7903470824949694
0.21680321250548526,0.7803420523138829
0.22365436932739216,0.7703370221327964
0.2309137681811466,0.7603319919517099
0.2386168311385739,0.7503269617706234
0.2468029522780218,0.7403219315895369
0.25551603166267356,0.7303169014084503
0.26480509004883407,0.7203118712273638
0.2747249769774044,0.7103068410462773
0.28533718660628865,0.7003018108651908
0.2967107973570613,0.6902967806841043
0.30892355301835567,0.6802917505030178
0.32206310410261446,0.6702867203219313
0.336228428552057,0.6602816901408447
0.3515314496323902,0.6502766599597583
0.36809886494481664,0.6402716297786717
0.38607419225461626,0.6302665995975852
0.40562002276610587,0.6202615694164987
0.4269204468781591,0.6102565392354121
0.45018357604650494,0.6002515090543257
0.47564401984616433,0.5902464788732392
0.5035650800433444,0.5802414486921527
0.5342402817473558,0.5702364185110661
0.5679936632566007,0.5602313883299797
0.6051779823802557,0.5502263581488931
0.6461696717198218,0.5402213279678066
0.6913590216302128,0.5302162977867201
0.7411337754998593,0.5202112676056336
0.7958542638255492,0.5102062374245471
0.855818670080549,0.5002012072434605
0.9212183911964862,0.49019617706237406
0.9920860622931211,0.4801911468812875
1.0682426417983846,0.47018611670020105
1.1492541986237341,0.4601810865191145
1.234411853215765,0.45017605633802793
1.3227472123976867,0.4401710261569415
1.4130889426248991,0.4301659959758549
1.504154897597402,0.42016096579476847
1.594662806353803,0.4101559356136819
1.6834365103736528,0.40015090543259546
1.7694871875339402,0.3901458752515089
1.8520582939093144,0.38014084507042234
1.930634130458432,0.3701358148893359
2.004920218541968,0.36013078470824933
2.07480699542328,0.3501257545271629
2.1403274654834052,0.3401207243460763
2.2016163954056642,0.3301156941649898
2.258875267155583,0.3201106639839033
2.312344530024222,0.3101056338028168
2.362283003576552,0.3001006036217303
2.40895343790852,0.29009557344064374
2.4526129626880273,0.2800905432595573
2.493507200667471,0.27008551307847073
2.5318670077495833,0.2600804828973842
2.5679070257560457,0.2500754527162977
2.601825443664046,0.2400704225352112
2.633804538075274,0.23006539235412468
2.664011700860204,0.22006036217303818
2.692600765656416,0.21005533199195164
2.719713521791423,0.20005030181086514
2.745481359827876,0.19004527162977863
2.7700270288712847,0.18004024144869213
2.7934664949245196,0.1700352112676056
2.8159108486861584,0.1600301810865191
2.837468077346156,0.15002515090543256
2.858244258586618,0.14002012072434605
2.878343470085131,0.13001509054325955
2.897865845663289,0.12001006036217303
2.9169041498453456,0.11000503018108652
2.9355404428848804,0.1
